{
  "execution_date": "2025-09-15T00:05:39.651241",
  "author": "Miguel Angel Percudani",
  "uat_version": "1.0",
  "physical_constants": {
    "hbar": 1.0545718e-34,
    "c": 300000000.0,
    "G": 6.6743e-11,
    "k_B": 1.380649e-23,
    "gamma_lqg": 0.2375
  },
  "simulation_parameters": {
    "frequency_min": 1e-50,
    "frequency_max": 1e+45,
    "data_points": 2000,
    "alpha_original": 5000000000.0,
    "alpha_optimized": 5e-06
  },
  "key_results": {
    "planck_mass": 2.1771875512343738e-08,
    "standard_temperature": 5.620410528939718e+30,
    "transition_range": [
      2097.301321111163,
      498710.9735477894
    ],
    "transition_bandwidth": 496613.67222667823
  }
}